,Username,Channel Name,Country Or Region,Url,Main topic,Main video category,Total Likes,Avg. Likes,Posts,Followers,Boost Index,Comments Avg.,Views Avg.,Avg. 1 Day,Avg. 3 Day,Avg. 7 Day,Avg. 14 Day,Avg. 30 Day,Engagement Rate,60-Day Eng Rate,Rank,Influence Score,New Post Avg. Likes
0,cristiano,cristiano,ES,https://www.instagram.com/cristiano,Sports,Sports,22876451727.2491,8671952.6875,3328.0,465027234.0,92.0,51758.33092659446,17009493.6,,,3321113.0,5327340.25,6948658.866666666,0.0149155921900756,0.0159030927931213,,,
1,kyliejenner,kyliejenner,US,https://www.instagram.com/kyliejenner,,,43048545078.884834,8296735.662500001,6921.0,356687629.0,91.0,47534.12096106048,22875472.888888888,,,1223002.0,2196528.5,4692458.947368421,0.0176172152549418,0.0161886350096952,,,
2,leomessi,leomessi,,https://www.instagram.com/leomessi,,,4670492197.167756,6895177.8125,875.0,347032978.0,90.0,47044.540305010894,11761596.36893204,,4810554.0,3199807.0,5359468.6,5668453.857142857,0.015533561657092,0.0190450212750402,,,
3,selenagomez,selenagomez,US,https://www.instagram.com/selenagomez,,,8442642602.700295,6252711.416666667,1835.0,334551681.0,93.0,39167.115727002965,10723973.0,,,,2340219.0,2340219.0,0.0139126869029708,0.0077196615835974,,,
4,therock,therock,US,https://www.instagram.com/therock,,,9562231242.147408,1874150.5038461536,6660.0,327064138.0,91.0,8529.747042766152,5413831.362873134,,,713970.0,1101338.5555555555,1165227.3846153845,0.0044259384268964,0.0037225454671269,,,
5,kimkardashian,kimkardashian,US,https://www.instagram.com/kimkardashian,,,14920061390.578411,3536820.0625,5603.0,323090977.0,91.0,16964.807439824945,9642516.175438596,,2583151.0,2699977.6666666665,2704005.272727273,2586789.375,0.0083036448285169,0.0096888634520251,,,
6,arianagrande,arianagrande,US,https://www.instagram.com/arianagrande,,,14762818149.337849,3712125.9285714286,4961.0,321374794.0,92.0,19077.731583403896,6654929.029801325,,,3813109.0,3813109.0,3384398.0,0.0093256767297369,0.0101579095640005,,,
7,beyonce,beyonce,US,https://www.instagram.com/beyonce,,,5779974409.281899,3627594.6666666665,2036.0,267023539.0,92.0,24558.145400593472,8767897.17142857,,,4311158.0,4311158.0,1686724.1538461538,0.0107577041435847,0.0067705433500347,,,
8,khloekardashian,khloekardashian,US,https://www.instagram.com/khloekardashian,Sports,Sports,6914667302.569231,2391194.0,4092.0,260359924.0,89.0,10442.21153846154,7593868.457142857,,,,,,0.0065565040472791,0.0031117441866369,,,
9,kendalljenner,kendalljenner,US,https://www.instagram.com/kendalljenner,,,2743201319.5703325,5520992.5,666.0,247599374.0,90.0,21191.329923273657,14428678.314285714,,6702150.0,6347174.5,5977548.25,5058515.428571428,0.0167289360056751,0.0193389815470684,,,
10,justinbieber,justinbieber,CA,https://www.instagram.com/justinbieber,,,11114108294.35566,1887637.6785714289,7305.0,247448517.0,91.0,10084.746268656716,4337923.862934363,,,,,1415614.875,0.0061909883400308,0.0040423175168191,,,
11,natgeo,natgeo,US,https://www.instagram.com/natgeo,Education,Education,2521782123.105974,304664.0,10002.0,232020700.0,91.0,1225.2342857142858,2345345.4444444445,58181.0,95034.3,111805.92307692308,138451.37735849057,158992.71028037384,0.0010919625970223,0.0007261997482379,,,
12,nike,nike,US,https://www.instagram.com/nike,Sports,Sports,298611326.8387097,333382.0,932.0,228524022.0,90.0,5520.935483870968,2638441.2735849055,,,300163.3333333333,273080.0,236986.66666666663,0.0014312255747742,0.0007551843648689,,,
13,taylorswift,taylorswift,US,https://www.instagram.com/taylorswift,,,1037365487.68,2397441.0,537.0,218097325.0,91.0,334.73,7916979.966666667,,,,2049206.0,2049206.0,0.0088643626685006,0.017282584056588,,,
14,jlo,jlo,US,https://www.instagram.com/jlo,Music,Music,4015633611.2335486,1691841.5,3151.0,217547805.0,89.0,11942.84,6363148.909937888,,,,688847.0,812984.6,0.0059140661250396,0.0054101553807396,,,
15,virat.kohli,virat.kohli,,https://www.instagram.com/virat.kohli,Education,Education,3592490224.8141594,3472381.5,1390.0,206743723.0,87.0,18090.06725663717,4841319.094240838,,,2740001.0,2874632.0,2210917.5,0.0126033886462027,0.0113492347288479,,,
16,nickiminaj,nickiminaj,US,https://www.instagram.com/nickiminaj,Trailers,Trailers,10280946999.02109,2161401.25,6327.0,197697257.0,90.0,19624.634446397187,6688655.284974094,,,,,,0.0083253495821873,0.0063362570713985,,,
17,kourtneykardash,kourtneykardash,US,https://www.instagram.com/kourtneykardash,,,6239027312.050234,1767538.4642857143,4349.0,188868254.0,89.0,6616.927570093458,5363247.323529412,,,,916201.0,1118825.75,0.0076387718497473,0.0126069938627344,,,
18,mileycyrus,mileycyrus,,https://www.instagram.com/mileycyrus,,,1232462265.3146796,1311897.7,1217.0,178122866.0,89.0,6343.567721005677,4289871.829333333,,,,1340388.0,1340388.0,0.0057234785514011,0.0091304482754349,,,
19,neymarjr,neymarjr,BR,https://www.instagram.com/neymarjr,Gaming,Gaming,11825612529.78387,2705534.4857142856,5247.0,176162107.0,90.0,47.64193548387097,6758889.172043011,,1712450.0,1749894.0,1888862.8333333333,2151442.8571428573,0.0127958937020013,0.0122322483196002,,,
20,katyperry,katyperry,,https://www.instagram.com/katyperry,Nonprofits & Activism,Nonprofits & Activism,1207583441.5661843,720700.2619047619,2028.0,167005817.0,92.0,4824.74638487208,2224739.0827338127,165159.0,165159.0,165159.0,364755.0,325682.28571428574,0.0035962375118176,0.0021123329820722,,,
21,kevinhart4real,kevinhart4real,US,https://www.instagram.com/kevinhart4real,Sports,Sports,3440231765.3312497,533486.9166666667,8126.0,148755284.0,88.0,3749.928125,2553278.8239608803,,,123142.5,155624.8,128413.71428571428,0.0028731861174143,0.0010465903132874,,,
22,zendaya,zendaya,US,https://www.instagram.com/zendaya,,,14727094360.363636,5744110.0,3537.0,147816903.0,87.0,16106.142857142857,7685347.7894736845,,,3970268.0,3958943.0,4755622.5,0.0283538370065137,0.056179011176568,,,
23,iamcardib,iamcardib,US,https://www.instagram.com/iamcardib,,,3453484312.412903,3094440.722222222,1596.0,137199449.0,75.0,18910.93456221198,10726141.90066225,,2193580.0,2253376.3333333335,2209430.8,1829675.5833333333,0.015960393761946,0.0157132448179439,,,
24,ddlovato,ddlovato,US,https://www.instagram.com/ddlovato,,,57864919.33797909,1146626.6666666667,66.0,136695965.0,88.0,9535.060975609756,2385574.5,,,,530567.0,355926.22222222225,0.0064874865350027,0.0028282704388518,,,
25,badgalriri,badgalriri,US,https://www.instagram.com/badgalriri,Entertainment,Entertainment,13027355720.195122,3691546.0,4837.0,133436105.0,88.0,20974.19024390244,8827574.28440367,,,,,,0.0203844314182973,0.0291452489837314,,,
26,kingjames,kingjames,,https://www.instagram.com/kingjames,,,3894494471.266305,2102660.3333333335,2331.0,127326148.0,86.0,13785.983695652174,5584779.543307086,803501.0,803501.0,879697.5,1429823.4,1462300.8333333333,0.0132422145291974,0.0099841763380461,,,
27,theellenshow,theellenshow,US,https://www.instagram.com/theellenshow,Pets & Animals,Pets & Animals,3221788812.5867476,424885.52218152216,9987.0,123619409.0,87.0,3787.956893480584,3577368.090144231,,,,84741.0,79112.8,0.0026418002535041,0.0008623072747171,,,
28,realmadrid,realmadrid,ES,https://www.instagram.com/realmadrid,Sports,Sports,5446654786.904423,1009067.5405982904,6593.0,121711711.0,90.0,3553.235075781008,3058169.5289855073,647959.75,568533.5555555555,647859.4074074074,660730.3396226416,801848.3129770992,0.0068188290806917,0.0078479471621639,,,
29,champagnepapi,champagnepapi,NL,https://www.instagram.com/champagnepapi,,,7080377088.078029,1723164.25,5194.0,116476688.0,85.0,83.42094455852155,4816847.96875,,1688951.0,1688951.0,1365792.6666666667,1599806.923076923,0.0117332064264039,0.0136451946931477,,,
30,chrisbrownofficial,chrisbrownofficial,US,https://www.instagram.com/chrisbrownofficial,,,2632604325.5954022,465597.390625,7282.0,115007167.0,86.0,3862.719491035281,2049063.463414634,,,287076.5,410872.1666666667,371779.0,0.0031862242253984,0.0031460514747664,,,
31,fcbarcelona,fcbarcelona,,https://www.instagram.com/fcbarcelona,Sports,Sports,9631251593.443716,1176560.049145299,9988.0,109950457.0,90.0,4342.094240837696,4286283.064,933228.5,797160.5,735920.7368421053,740394.1428571428,732259.88,0.0088166283899638,0.0063550394555545,,,
32,billieeilish,billieeilish,,https://www.instagram.com/billieeilish,,,4597695016.408839,8520777.666666666,684.0,104462435.0,73.0,45267.4226519337,15804630.0,,,7377994.0,5593146.8,4345861.5,0.0648051411685297,0.0488390503572724,,,
33,dualipa,dualipa,GB,https://www.instagram.com/dualipa,Music,Music,1924649935.0515463,2091782.107142857,1224.0,85085187.0,74.0,4827.426546391753,2892223.342592593,487197.0,659692.8,935806.8181818182,939716.1176470588,1173231.2352941176,0.0185376479298309,0.0165253073215409,,,
34,gal_gadot,gal_gadot,US,https://www.instagram.com/gal_gadot,Entertainment,Entertainment,1676682094.920354,1377079.5,1676.0,83763785.0,85.0,4787.1814159292035,3104604.989473684,481129.0,481129.0,470165.3333333333,470165.3333333333,580991.4545454546,0.0120068663058131,0.0082134535737749,,,
35,vindiesel,vindiesel,US,https://www.instagram.com/vindiesel,Film & Animation,Film & Animation,1866453677.6631017,1384972.6666666667,1817.0,81632030.0,88.0,7997.0213903743315,3097254.1746031744,,,384524.0,384524.0,364442.0,0.0126937858457076,0.0072286229256552,,,
36,priyankachopra,priyankachopra,US,https://www.instagram.com/priyankachopra,Autos & Vehicles,Autos & Vehicles,4188562034.221411,1580291.6285714286,3545.0,80262430.0,85.0,4660.018248175183,3910075.543859649,,,,2518390.0,1604862.857142857,0.0147839110068688,0.0229656841614171,,,
37,lalalalisa_m,lalalalisa_m,,https://www.instagram.com/lalalalisa_m,,,3984721201.416667,5650260.5,860.0,79870794.0,70.0,51630.40416666667,8284125.55,,6404213.0,5049325.5,7494265.375,8190369.9,0.0587180384904851,0.1034398797230652,,,
38,nasa,nasa,US,https://www.instagram.com/nasa,Science & Technology,Science & Technology,3464512772.612777,1172499.9,3522.0,78572117.0,88.0,3965.166883963494,2742669.7719298247,327227.5,533789.3333333334,614062.0,654025.6666666666,715564.7826086957,0.0125796045442767,0.0105785740762676,,,
39,shakira,Shakira,,https://www.instagram.com/shakira,,,1527021676.9094925,973225.6166666666,1976.0,75751033.0,88.0,6292.061810154525,4121447.827586207,,124610.0,124610.0,124610.0,310397.6666666667,0.0102919387924278,0.0072949248605536,,,
40,gigihadid,gigihadid,US,https://www.instagram.com/gigihadid,,Gaming & Apps,6314352560.650964,2555316.25,3248.0,74890004.0,85.0,6586.713062098501,8933626.642857144,,,,2063724.5,2063724.5,0.0260471743789292,0.0317714066045176,,,
41,snoopdogg,snoopdogg,,https://www.instagram.com/snoopdogg,Movies,Movies,1755836107.8472402,205719.22368421053,9995.0,74552708.0,86.0,2673.8992937483654,1259594.4058919805,48391.0,57393.166666666664,79461.43478260869,138903.94642857142,134955.6611570248,0.0023939542319809,0.0016487262845602,,,
42,davidbeckham,davidbeckham,US,https://www.instagram.com/davidbeckham,,,1445693832.6472728,1237162.25,1522.0,74516736.0,86.0,4077.069090909091,3354963.688311688,,,,237234.0,421613.5,0.0128111431389623,0.0081631500022022,,,
43,shraddhakapoor,shraddhakapoor,,https://www.instagram.com/shraddhakapoor,,,2189221609.2746587,1609147.0,1872.0,73424750.0,81.0,6224.394537177542,2550143.938202247,,825124.0,825124.0,825124.0,825124.0,0.0160214505741731,0.018880539950888,,,
44,victoriassecret,victoriassecret,US,https://www.instagram.com/victoriassecret,,,315386787.0528593,148111.8363636364,2796.0,73016997.0,88.0,389.1310664605873,412003.2732095491,,14910.0,17489.5,23730.333333333332,22321.29411764706,0.0015506634666612,0.0002866246735449,,,
45,k.mbappe,k.mbappe,,https://www.instagram.com/k.mbappe,Sports,Sports,2369430072.8347826,2454367.866666666,1149.0,72335779.0,86.0,10607.11652173913,6006698.25,,1067835.0,1332534.6666666667,1462670.3333333333,1754809.125,0.0286749375188922,0.0337757728605493,,,
46,nehakakkar,nehakakkar,IN,https://www.instagram.com/nehakakkar,Music,Music,2681817706.8094487,1530347.0,2298.0,70376999.0,84.0,7334.274015748031,4497085.660550458,,,,329835.5,711477.75,0.0166928464995209,0.0088834261397615,,,
47,shawnmendes,shawnmendes,CA,https://www.instagram.com/shawnmendes,,Music,6860739273.822894,3500515.0,2532.0,69407554.0,83.0,23995.509719222464,3180541.7126436783,,2055267.6666666667,1678390.4285714286,1678390.4285714286,1831551.1538461535,0.0394208284450051,0.0251010690678539,,,
48,nba,nba,US,https://www.instagram.com/nba,Sports,Sports,3706978457.7314906,374008.6914285715,12610.0,68938585.0,87.0,1014.6888450148076,1863379.103896104,138689.75,186225.0,205004.76666666663,202891.8656716418,223104.62719298244,0.0042848714320617,0.0030800686059339,,,
49,narendramodi,narendramodi,IN,https://www.instagram.com/narendramodi,Pets & Animals,Pets & Animals,1190976040.1422594,2953851.5,537.0,68330604.0,85.0,24367.343096234308,5185283.8125,,,,1230562.0,1830545.6,0.0328339212783271,0.0232879705202494,,,
50,jennierubyjane,jennierubyjane,,https://www.instagram.com/jennierubyjane,,,3387108066.458333,5080827.583333333,857.0,68085856.0,76.0,42238.50148809524,5690914.514285714,,,,6395073.0,7258851.666666667,0.0587168010484671,0.1148189686951802,,,
51,deepikapadukone,deepikapadukone,IN,https://www.instagram.com/deepikapadukone,,,288480120.37664235,1544528.95,258.0,67796542.0,83.0,4756.226277372263,4012606.319672131,,1638516.0,1638516.0,1181600.3333333333,1181600.3333333333,0.016576823363872,0.0136785359956671,,,
52,tomholland2013,tomholland2013,,https://www.instagram.com/tomholland2013,,,5304836876.615384,5408241.0,1218.0,67657871.0,77.0,27396.79120879121,9892997.666666666,,,7582873.0,7582873.0,6994957.0,0.0648570262745153,0.1260702528879513,,,
53,aliaabhatt,aliaabhatt,IN,https://www.instagram.com/aliaabhatt,Entertainment,Entertainment,2402387529.744463,1759431.125,1820.0,67428908.0,82.0,6892.528109028961,3586775.894117647,568946.0,1716864.5,2220579.6666666665,3554326.0,2127322.75,0.0196990789763926,0.04135082469462,,,
54,ronaldinho,ronaldinho,BR,https://www.instagram.com/ronaldinho,Sports,Sports,1989157882.2368896,891414.0833333333,2921.0,67398061.0,78.0,4286.839059674503,2453751.8396946564,218368.0,218368.0,329519.25,261123.85714285713,347323.8823529412,0.0101762388751444,0.0057929729969356,,,
55,emmawatson,emmawatson,US,https://www.instagram.com/emmawatson,,,464492011.7307692,1858345.0,344.0,67107508.0,87.0,6711.485576923077,4843114.411764706,0.0,0.0,0.0,0.0,0.0,0.0202340940785513,0.0001000758555728,,,
56,bts.bighitofficial,bts.bighitofficial,UY,https://www.instagram.com/bts.bighitofficial,,,3856145686.3503647,4172263.1666666665,1150.0,65962589.0,78.0,35250.45547445255,4665768.0,,,2808383.0,3652298.5,3763044.4545454546,0.0514232207530959,0.0720407083690759,,,
57,katrinakaif,katrinakaif,IN,https://www.instagram.com/katrinakaif,Entertainment,Entertainment,1399937430.5550122,1674335.25,997.0,65597009.0,85.0,8971.833740831296,4732693.97979798,,,,539443.0,539443.0,0.0215544205511771,0.0374658190490996,,,
58,justintimberlake,justintimberlake,US,https://www.instagram.com/justintimberlake,,,397901617.57894737,614677.0,780.0,65477707.0,87.0,6039.921052631579,2640031.695652174,,,,194952.5,198150.33333333337,0.0078898709745138,0.0038519607996693,,,
59,marvel,marvel,TR,https://www.instagram.com/marvel,Movies,Trailers,2118435812.30458,328737.6,6907.0,65358436.0,82.0,1066.2219724641752,960153.7919947506,55538.666666666664,122017.33333333331,183257.77777777775,193248.35294117648,260000.9090909091,0.0047100652194721,0.0050199596695487,,,
60,camila_cabello,camila_cabello,US,https://www.instagram.com/camila_cabello,,,4044183217.319492,1853523.9285714289,2884.0,64375364.0,77.0,7368.125720876586,3185373.0707964604,,,1579814.0,1532900.0,1287657.5714285714,0.0219265288449977,0.0194345983003342,,,
61,willsmith,willsmith,US,https://www.instagram.com/willsmith,,,1528149973.1881838,1408560.3333333333,1362.0,64260079.0,82.0,12989.699124726478,6291661.438423646,0.0,0.0,0.0,0.0,0.0,0.017660170978728,0.0002021184767022,,,
62,raffinagita1717,raffinagita1717,ID,https://www.instagram.com/raffinagita1717,Entertainment,Entertainment,2782184603.047718,387143.96774193546,9946.0,62899363.0,83.0,3716.759681881051,1322062.7623762377,249344.2,340437.14285714284,486322.5,456141.14634146343,434216.09722222225,0.00451102568907,0.0072981267760065,,,
63,anitta,anitta,US,https://www.instagram.com/anitta,,,3236456276.9838166,857234.1124999999,5091.0,62896138.0,82.0,7632.5947403911,2681297.324110672,,313134.5,426274.5,420654.28571428574,414450.1538461539,0.0102353945028685,0.0087563842340578,,,
64,maluma,maluma,CO,https://www.instagram.com/maluma,,,6950832710.095238,1195150.8154761903,8164.0,62706097.0,84.0,8056.752786220872,2901785.472222222,,1074236.0,901334.5,948883.75,1025142.0,0.0137097455332929,0.0148515839956952,,,
65,akshaykumar,akshaykumar,,https://www.instagram.com/akshaykumar,Entertainment,Entertainment,2200303385.06422,1516770.0,1860.0,62614053.0,85.0,7210.882568807339,4092468.353658536,,265974.0,341912.0,391342.6666666667,572411.625,0.01900901740256,0.0135768634770112,,,
66,jacquelinef143,jacquelinef143,IN,https://www.instagram.com/jacquelinef143,Entertainment,Entertainment,2088469651.8573468,1143262.3333333333,2433.0,62118961.0,85.0,4780.738944365193,2415085.3583333334,,,615704.5,803217.0,648666.5555555555,0.0139067642467081,0.00972952070138,,,
67,sooyaaa__,sooyaaa__,,https://www.instagram.com/sooyaaa__,Film & Animation,Film & Animation,3036363131.9101124,4493906.633333334,824.0,62062471.0,82.0,35145.84691011236,3985933.902439024,,,,6468019.0,6001684.833333333,0.0600213082377881,0.0924807458060116,,,
68,psg,psg,FR,https://www.instagram.com/psg,Sports,Sports,4595183470.198317,508990.4477513227,9761.0,61178714.0,86.0,1457.0676016830294,2135978.161904762,162310.0,281299.5789473684,291237.8076923077,371440.6530612245,359066.93548387097,0.0077280830743806,0.0083213524788285,,,
69,roses_are_rosie,roses_are_rosie,,https://www.instagram.com/roses_are_rosie,Sports,Sports,2986099761.4933333,4586884.9375,816.0,60940323.0,82.0,31561.863703703704,4699873.510204081,,,,,5593980.833333333,0.0606299530692667,0.0864147152789652,,,
70,anushkasharma,anushkasharma,,https://www.instagram.com/anushkasharma,Education,Education,1632552354.2939632,1925204.75,1159.0,59276468.0,85.0,5906.839895013123,3641625.4752475247,,814180.0,615775.5,615775.5,1184805.4285714286,0.0238766281798796,0.019773256627131,,,
71,manchesterunited,manchesterunited,GB,https://www.instagram.com/manchesterunited,Sports,Sports,3168867342.120344,384605.4114219114,9900.0,58974258.0,85.0,1878.2301160148309,1809835.1690909092,128884.33333333331,230239.5625,223269.71875,240808.5357142857,235152.1338028169,0.005463892269924,0.0050571864648222,,,
72,whinderssonnunes,whinderssonnunes,BR,https://www.instagram.com/whinderssonnunes,,,3347794662.666667,1616371.15,2717.0,58591940.0,79.0,16203.310391363022,5257153.904411765,18141.0,18141.0,18141.0,18141.0,243302.25,0.0213111457865626,0.0074580996418429,,,
73,9gag,9gag,US,https://www.instagram.com/9gag,Pets & Animals,Pets & Animals,5062668339.7249775,678711.3186489217,10021.0,58181054.0,86.0,5559.041481316726,3613240.0659955256,202474.75,227477.06666666668,221743.56756756757,258582.8,268979.2948717949,0.0087789088885832,0.0046683080048543,,,
74,marcelotwelve,marcelotwelve,BR,https://www.instagram.com/marcelotwelve,Shows,Shows,1562555089.7001865,693038.1666666666,2671.0,57439765.0,86.0,2503.0372439478583,3041758.0,194474.0,280022.0,358287.3333333333,402644.375,650563.7058823529,0.0102300873085121,0.0130710687109461,,,
75,karimbenzema,karimbenzema,ES,https://www.instagram.com/karimbenzema,Music,Music,1474433941.6666667,876565.0,2000.0,55869867.0,42.0,5392.554166666667,2973552.169811321,355367.0,400075.0,814691.25,791904.1666666666,997608.3333333334,0.0133169580426697,0.0234880334936267,,,
76,chrishemsworth,chrishemsworth,AU,https://www.instagram.com/chrishemsworth,Trailers,Trailers,1731131414.3223684,2745384.0,859.0,55165178.0,86.0,8745.578947368422,6180484.385416667,,,,1757045.75,1571159.5,0.036724414049764,0.0327496422026776,,,
77,paulpogba,paulpogba,FR,https://www.instagram.com/paulpogba,,,1344107517.9932585,1397068.0,1279.0,54634350.0,80.0,5836.703370786517,2730445.2959183673,,342536.0,353815.0,316381.6666666667,422788.75,0.019361238848825,0.0133403736453454,,,
78,iamzlatanibrahimovic,iamzlatanibrahimovic,,https://www.instagram.com/iamzlatanibrahimovic,Sports,Sports,957991032.406154,1541239.4166666667,868.0,54512391.0,86.0,7579.6430769230765,6267214.268518519,,,353745.0,446872.0,521481.0,0.0203904195851993,0.0254303666187346,,,
79,karolg,karolg,IN,https://www.instagram.com/karolg,People & Blogs,People & Blogs,7767485055.881721,3028630.75,3297.0,54422099.0,83.0,20350.10752688172,7802091.677777777,,5904571.0,5904571.0,5904571.0,5904571.0,0.0437554730889212,0.1280689934970045,,,
80,leonardodicaprio,leonardodicaprio,,https://www.instagram.com/leonardodicaprio,Pets & Animals,Pets & Animals,574061426.7403314,398191.4166666667,1680.0,54158640.0,86.0,3509.686924493554,1235508.4338235294,55282.0,55282.0,55282.0,98298.25,120142.83333333331,0.0063752114226341,0.002202655279047,,,
81,milliebobbybrown,milliebobbybrown,US,https://www.instagram.com/milliebobbybrown,,,788789893.4895833,3987302.6666666665,275.0,54105006.0,80.0,18188.152083333334,6851714.223880597,,2677095.0,3417441.5,4831356.25,5021154.0,0.0538358970202708,0.0851545854618376,,,
82,juventus,juventus,,https://www.instagram.com/juventus,Gaming,Gaming,1721135539.4165287,201090.73333333337,9974.0,54054171.0,87.0,952.79173553719,840567.1208333333,97856.2,91882.6,153989.95652173914,139207.71794871794,121662.67164179104,0.0032123026481601,0.0026189745672207,,,
83,zacefron,zacefron,US,https://www.instagram.com/zacefron,Movies,Movies,1081307391.9142857,2262103.5,663.0,53887887.0,86.0,9847.057142857142,5708580.75862069,,,,,,0.0304714893389634,0.0217297590133996,,,
84,tatawerneck,tatawerneck,BR,https://www.instagram.com/tatawerneck,Entertainment,Entertainment,3865143085.742032,976812.5,5565.0,53554512.0,86.0,6598.756972111554,2908022.978319783,,,124830.0,149581.0,165887.55555555556,0.0131000576164113,0.0039563660981687,,,
85,bellahadid,bellahadid,GB,https://www.instagram.com/bellahadid,,,2656132802.451769,1132707.392857143,3125.0,53359256.0,79.0,2687.933279742765,2738503.616438356,,,1776348.6666666667,1203778.3333333333,1101626.1666666667,0.0159925994630643,0.0212083115490955,,,
86,robertdowneyjr,robertdowneyjr,US,https://www.instagram.com/robertdowneyjr,Entertainment,Entertainment,923395252.8487084,2984656.25,422.0,53210425.0,86.0,12541.236162361623,7258314.398230089,,,,,2106144.0,0.0413678378432733,0.0404495888203827,,,
87,sunnyleone,sunnyleone,,https://www.instagram.com/sunnyleone,Entertainment,Entertainment,2476466027.1456585,769200.1041666666,4559.0,53190031.0,84.0,3678.440476190476,1954614.246305419,,351347.5,517827.25,354785.77777777775,299836.7368421053,0.0102907307662674,0.0059121324766039,,,
88,ladygaga,ladygaga,US,https://www.instagram.com/ladygaga,Music,Music,3786872200.763359,1435302.7666666668,3546.0,53092230.0,83.0,13384.041984732825,3540913.194029851,,,,,635763.3333333334,0.0203735181354845,0.0120651390561714,,,
89,beingsalmankhan,beingsalmankhan,IN,https://www.instagram.com/beingsalmankhan,Entertainment,Entertainment,1249737786.6478148,1399897.75,1173.0,52980205.0,76.0,17133.09768637532,3247875.5857988168,,,,411782.0,789300.3333333334,0.0204519707921203,0.0129795138347189,,,
90,jbalvin,jbalvin,,https://www.instagram.com/jbalvin,Gaming,Gaming,7726895464.469388,920868.0,9999.0,52762698.0,87.0,5561.646258503401,3099539.4,12318.0,12318.0,163532.0,157988.8,273997.22222222225,0.0147518609851952,0.0088908495326079,,,
91,sergioramos,sergioramos,,https://www.instagram.com/sergioramos,Gaming,Gaming,1794037639.68,966414.75,2218.0,52261132.0,87.0,3086.92,,,314054.0,409956.6666666667,515387.0,687255.5714285715,0.0155549355690295,0.0161880710203143,,,
92,ayutingting92,ayutingting92,ID,https://www.instagram.com/ayutingting92,Music,Music,1129273039.8976324,149139.97506493505,10018.0,52170594.0,85.0,849.2212543554007,934398.259445844,19229.5,45384.71428571428,40771.92857142857,57132.8,74728.48214285714,0.002178291477676,0.0017860786227001,,,
93,dishapatani,dishapatani,US,https://www.instagram.com/dishapatani,Entertainment,Entertainment,2448977591.509202,1615190.0,2128.0,52062772.0,74.0,6306.800613496933,3530372.6193181816,,882479.5,865676.75,778869.0,1057708.4444444445,0.0222305378827601,0.0188253532762796,,,
94,mosalah,mosalah,,https://www.instagram.com/mosalah,,,1271364326.5434177,1786297.25,832.0,51823495.0,22.0,12480.288515406162,3191156.7741935486,,839320.0,853353.0,1069706.375,1430160.076923077,0.0297809212756316,0.0291824613054767,,,
95,433,433,NL,https://www.instagram.com/433,,,7235186846.11386,863448.1813186815,10319.0,50846051.0,79.0,4092.4105328472815,3232599.6691729324,519454.2,660923.1142857143,696233.234375,730624.5454545454,810461.4090909091,0.0138703957209599,0.0192951546209638,,,
96,hudabeauty,hudabeauty,US,https://www.instagram.com/hudabeauty,Fashion & Beauty,Fashion & Beauty,317929978.3075734,187183.89166666663,2330.0,50651842.0,82.0,2296.0695517774343,1458333.5070028012,28264.0,19618.5,18836.666666666668,19946.6,19626.222222222223,0.0027397198041948,0.0006546970510095,,,
97,adele,adele,US,https://www.instagram.com/adele,,,1411415903.4366198,4739484.5,418.0,50542177.0,84.0,32030.802816901407,15396176.307692308,,2211066.0,2766306.0,2392644.25,2392644.25,0.0675205757587189,0.0611485077745656,,,
98,michelleobama,michelleobama,,https://www.instagram.com/michelleobama,Entertainment,Entertainment,379263804.56296295,707602.75,592.0,50389066.0,85.0,6837.59012345679,1499868.049382716,,225063.0,225063.0,1922041.3333333333,879917.3333333334,0.0128588339916003,0.010987462595888,,,
99,jamesrodriguez10,jamesrodriguez10,CO,https://www.instagram.com/jamesrodriguez10,Sports,Sports,1163824878.8454545,1414736.5,1054.0,49753046.0,86.0,10241.777272727271,3021228.5,,,,317195.0,317195.0,0.0224043806019086,0.0086946160261796,,,
100,kritisanon,kritisanon,IN,https://www.instagram.com/kritisanon,Fashion & Beauty,Fashion & Beauty,1757213597.9912665,898828.3333333334,2652.0,49721095.0,76.0,3057.467248908297,1558894.0513833992,,,612749.0,778017.3333333334,736931.0,0.0133891803096823,0.0167865898802709,,,
101,krisjenner,krisjenner,US,https://www.instagram.com/krisjenner,Entertainment,Entertainment,1842955602.8946996,354127.38690476195,6327.0,49106907.0,80.0,1544.5010600706714,1364591.1842105263,107707.0,580446.6666666666,593222.8,502489.4285714286,450692.7272727273,0.0060146480340928,0.0100830284638471,,,
102,lelepons,lelepons,US,https://www.instagram.com/lelepons,Comedy,Comedy,4562719722.384758,2414815.0,2517.0,49030990.0,81.0,13184.886617100372,10147577.369863013,,,,,1566125.3333333333,0.0372316886601462,0.0332447473294822,,,
103,charlidamelio,charlidamelio,,https://www.instagram.com/charlidamelio,Entertainment,Entertainment,411783589.2966667,4278895.0,142.0,48873294.0,80.0,14338.718333333334,6469000.421052632,,816337.0,829608.3333333334,1128204.6666666667,1265979.7272727273,0.0597008587087623,0.0324856359308497,,,
104,gucci,gucci,IT,https://www.instagram.com/gucci,Comedy,Comedy,968779713.7347864,116555.03703703702,8791.0,48757827.0,86.0,482.4913714804723,478154.86530612246,76387.66666666667,70652.8,91079.05,79127.54901960785,82038.15730337078,0.0022865729743115,0.0019638737822321,,,
105,louisvuitton,louisvuitton,FR,https://www.instagram.com/louisvuitton,,,732723149.5804195,131578.75,6378.0,48520702.0,82.0,652.7503496503497,584823.4461805555,47623.0,65857.5,56271.25,97857.1875,103210.35064935064,0.002418278259391,0.0022505361101379,,,
106,prillylatuconsina96,prillylatuconsina96,ID,https://www.instagram.com/prillylatuconsina96,Entertainment,Entertainment,1656577996.3674614,377882.0,6420.0,48422538.0,84.0,1242.6037868162691,1080167.674603175,,143636.2,97291.66666666669,147695.3076923077,210128.52173913043,0.0053642221210374,0.005910594621574,,,
107,dovecameron,dovecameron,US,https://www.instagram.com/dovecameron,Entertainment,Entertainment,204967633.9945652,1609562.9166666667,170.0,48100914.0,85.0,2931.680706521739,2165141.40625,994345.5,994345.5,1071102.0,1071102.0,1675806.125,0.0252549231589265,0.0346999875944151,,,
108,garethbale11,garethbale11,,https://www.instagram.com/garethbale11,Sports,Sports,566893015.0,764641.0,975.0,47821374.0,86.0,3405.6266666666666,2267763.125,,,,,,0.0128074095358482,0.0108180036867025,,,
109,paulodybala,paulodybala,,https://www.instagram.com/paulodybala,Sports,Sports,1843671991.5289257,1791513.8125,1263.0,47720068.0,85.0,7572.242424242424,2566655.2702702703,,828316.0,1046221.0,1076858.4,1110861.3,0.0323776753989264,0.0249412338222984,,,
110,blackpinkofficial,blackpinkofficial,,https://www.instagram.com/blackpinkofficial,Music,Music,2311214248.70229,2116102.0,1380.0,47647921.0,85.0,13236.61959287532,2450013.59375,,1055841.6666666667,1055841.6666666667,1110203.5555555555,1194622.2,0.035467975425391,0.0306111817220937,,,
111,jokowi,jokowi,,https://www.instagram.com/jokowi,Gaming,Gaming,1322017162.5350027,458723.7596153846,3471.0,47352198.0,85.0,4422.624359704041,1319494.0714285714,83937.33333333333,138934.6,269997.28,233081.63414634147,207972.1948051948,0.0081449822325749,0.0048961692367566,,,
112,nusr_et,nusr_et,AE,https://www.instagram.com/nusr_et,,,1358263111.5577238,730786.5833333334,2302.0,46891641.0,81.0,5602.495934959349,6350492.84057971,,,96628.0,96628.0,135454.0,0.0127212417707325,0.0036812284748413,,,
113,5.min.crafts,5-Minute Crafts GIRLY,US,https://www.instagram.com/5.min.crafts,Trailers,Trailers,1741363178.3336408,157499.2095441595,14519.0,46618064.0,85.0,342.39361505812883,1289001.772372648,,9366.6,10678.333333333334,14290.64705882353,13925.666666666666,0.0025793511925734,0.0003402270209613,,,
114,vanessahudgens,vanessahudgens,US,https://www.instagram.com/vanessahudgens,Entertainment,Entertainment,2016023339.118616,636092.6530612245,4186.0,46343441.0,84.0,1561.7421746293246,2315649.7589285714,,414691.0,414691.0,269620.8,208674.4375,0.0104299878089008,0.004894514461021,,,
115,thv,thv,,https://www.instagram.com/thv,Gaming,Gaming,813389154.8653847,15538683.0,57.0,46328487.0,83.0,0.3076923076923077,24786355.333333332,,,13007870.0,13143209.8,13210996.555555556,0.3085183001322529,0.2862204108367975,,,
116,harrystyles,harrystyles,US,https://www.instagram.com/harrystyles,,,2280382581.166667,4896516.5,578.0,46292534.0,57.0,61609.1875,7518271.0,2888035.0,2611946.5,2704044.0,2722518.8333333335,2975292.5,0.0871323265160957,0.0709446511393156,,,
117,zayn,zayn,US,https://www.instagram.com/zayn,,Gaming & Apps,570193599.15,4713926.5,162.0,46197756.0,82.0,69133.05,8478669.75,,,4037963.0,4037963.0,3599999.5,0.0777514823621056,0.0843533013262577,,,
118,larissamanoela,larissamanoela,BR,https://www.instagram.com/larissamanoela,Autos & Vehicles,Autos & Vehicles,2282083714.812734,579900.9357142857,5156.0,46091767.0,85.0,6269.2542134831465,948050.4761904762,108058.0,214328.33333333337,170630.33333333334,326550.6153846154,210933.53125,0.0097542381378649,0.0045884263535317,,,
119,haileybieber,haileybieber,,https://www.instagram.com/haileybieber,Entertainment,Entertainment,3245552048.296943,2012107.0,2060.0,45916230.0,85.0,217.9825327510917,3680907.695652174,,2243447.0,1785300.6666666667,1395563.5,1548866.5,0.0344642827549358,0.0316523327244714,,,
120,thenotoriousmma,thenotoriousmma,US,https://www.instagram.com/thenotoriousmma,,,2653672984.197551,1137054.125,3106.0,45822094.0,82.0,4820.904489795918,3737464.061111111,,168568.0,253072.25,257922.4,296484.42424242425,0.0187629040798184,0.0086489436203934,,,
121,daddyyankee,daddyyankee,PR,https://www.instagram.com/daddyyankee,Music,Music,10165902.715298884,650651.25,20.0,45807054.0,80.0,5624.246200607903,2122983.680094787,,,,730517.0,764615.5,0.0112223171602793,0.0168311036878018,,,
122,travisscott,travisscott,US,https://www.instagram.com/travisscott,,,7290953698.340057,3014369.75,3154.0,45803997.0,78.0,12261.449567723344,5989754.571428572,,1127101.0,800849.0,1241751.0,1845443.5,0.0507869112330442,0.0513568908675375,,,
123,natgeotravel,natgeotravel,US,https://www.instagram.com/natgeotravel,Travel & Events,Travel & Events,2573722223.9783726,189864.001376989,16939.0,45782549.0,82.0,455.881935826981,718632.8378378379,33334.5,34972.666666666664,46106.57142857143,47547.96428571428,48881.42622950819,0.0033304271321372,0.0011634874339007,,,
124,nikefootball,nikefootball,US,https://www.instagram.com/nikefootball,Sports,Sports,562788296.0202019,431240.25,1797.0,45180601.0,85.0,903.1043771043772,699261.0222222222,64865.0,129687.0,143075.8,189492.5,175088.625,0.0069582648000782,0.0044466213846934,,,
125,stephencurry30,stephencurry30,,https://www.instagram.com/stephencurry30,Nonprofits & Activism,Nonprofits & Activism,837440600.3534744,1090495.75,1037.0,44569769.0,84.0,3599.1480362537764,1722571.0526315789,,,1131963.0,891286.0,672278.3333333334,0.0192646011593637,0.0129830090766645,,,
126,vancityreynolds,vancityreynolds,,https://www.instagram.com/vancityreynolds,Gaming,Gaming,775082274.2926829,1366929.0,678.0,44507303.0,86.0,5184.585365853659,2307511.0,,,1148011.0,1148011.0,1710696.5,0.0260225282308118,0.0326018371718425,,,
127,luissuarez9,luissuarez9,,https://www.instagram.com/luissuarez9,Travel & Events,Travel & Events,627564857.530343,801790.5,961.0,44043371.0,85.0,3327.197889182058,1969051.258064516,216088.0,216088.0,214295.0,255623.0,287933.6666666667,0.0151290062718396,0.0096381250288616,,,
128,maisa,maisa,BR,https://www.instagram.com/maisa,Nonprofits & Activism,Nonprofits & Activism,620329319.2254733,564755.7333333333,1452.0,43950253.0,42.0,2424.5068846815834,1038532.7972027973,238759.0,1104109.5,1428235.3333333333,719729.4444444445,525544.1363636364,0.010315598989292,0.0112838484207772,,,
129,gusttavolima,gusttavolima,BR,https://www.instagram.com/gusttavolima,Shows,Shows,1831099285.970811,476983.71428571426,4853.0,43727522.0,76.0,6853.556216216216,934089.0609318996,,309529.0,365223.0,370564.4,509534.75,0.0088511761262804,0.0101943518114214,,,
130,hrithikroshan,hrithikroshan,CI,https://www.instagram.com/hrithikroshan,News & Politics,News & Politics,686194892.6461538,1615511.5,583.0,43427057.0,85.0,6873.607692307693,2896416.3243243243,,,1127068.0,1203815.6666666667,1738841.2,0.0274329130741125,0.0382172948058499,,,
131,nickyjam,nickyjampr,CO,https://www.instagram.com/nickyjampr,,,3288653737.3675976,383991.925,11282.0,43340622.0,81.0,2543.3877094972067,1661245.9523809524,30032.0,57560.5,57560.5,152746.0,150392.0625,0.0068086702240964,0.0029729741310627,,,
132,jannatzubair29,jannatzubair29,,https://www.instagram.com/jannatzubair29,Fashion & Beauty,Fashion & Beauty,1685880942.9787233,1326973.625,1600.0,43312974.0,84.0,10851.721276595745,3320745.8113207547,,578404.0,688606.0,798620.8888888889,860484.6086956522,0.0250796848111853,0.0206909626509665,,,
133,varundvn,varundvn,IN,https://www.instagram.com/varundvn,Trailers,Trailers,1608781966.3573265,1065018.25,1899.0,43215034.0,84.0,5572.776349614396,2897460.875,,,587374.0,416366.3333333333,503860.8571428571,0.0209278580216071,0.0154283155931743,,,
134,brunamarquezine,brunamarquezine,US,https://www.instagram.com/brunamarquezine,Entertainment,Entertainment,2228615835.1585016,1002055.0,3016.0,43067731.0,84.0,7223.031700288185,2455963.2181818183,,863788.0,863788.0,863788.0,446550.6666666667,0.0173981618771721,0.009384194460582,,,
135,caradelevingne,caradelevingne,US,https://www.instagram.com/caradelevingne,,,2663835408.0,806313.0,4380.0,42991683.0,86.0,2654.309803921569,2510408.690265487,,160709.0,160709.0,160709.0,278436.4,0.0142055830706921,0.009149281756825,,,
136,buzzfeedtasty,buzzfeedtasty,ES,https://www.instagram.com/buzzfeedtasty,Travel & Events,Travel & Events,449259157.69769335,67247.14945736433,8617.0,42970746.0,85.0,454.87381275440976,1189325.8005780347,5123.5,7426.333333333333,8197.0,9341.557692307691,8959.894736842105,0.0012268968893595,0.0002834816507166,,,
137,kapilsharma,kapilsharma,,https://www.instagram.com/kapilsharma,Comedy,Comedy,536111112.0318472,664476.0,958.0,42000622.0,83.0,3186.9012738853503,2232735.654545455,,,,,364037.0,0.0180150541970099,0.011204072325977,,,
138,britneyspears,britneyspears,TR,https://www.instagram.com/britneyspears,,,1313666673.9965694,523267.0714285714,2998.0,41807497.0,80.0,9891.539451114922,6241768.775,,,106723.2,194049.0,503971.75,0.0107517044321038,0.0112609476728996,,,
139,mariliamendoncacantora,mariliamendoncacantora,BR,https://www.instagram.com/mariliamendoncacantora,Music,Music,1105445671.9036365,1058071.0,1429.0,41681598.0,73.0,10442.049090909091,9808431.333333334,0.0,0.0,0.0,0.0,0.0,0.0188178588447724,0.0002506269205627,,,
140,badbunnypr,badbunnypr,,https://www.instagram.com/badbunnypr,Comedy,Comedy,42862260.26130653,3644587.5,16.0,41310397.0,83.0,58246.55778894472,8652812.673684211,,,7713443.0,7713443.0,5710268.5,0.0664348438943664,0.146266454697248,,,
141,dior,dior,,https://www.instagram.com/dior,Gaming,Gaming,765402952.2434306,88831.49753694581,9623.0,41223938.0,85.0,532.8151891423621,620189.5040322581,22188.333333333332,29181.846153846152,30234.464285714286,33972.56603773585,45682.43119266055,0.0019476090459729,0.0015606360183799,,,
142,norafatehi,norafatehi,AI,https://www.instagram.com/norafatehi,Comedy,Comedy,1660332210.9903536,1364004.6,1682.0,41161527.0,83.0,5436.9662379421225,5906504.053571428,,,536660.3333333334,570485.25,655721.6153846154,0.0242532692379056,0.0225156653442236,,,
143,jenniferaniston,jenniferaniston,,https://www.instagram.com/jenniferaniston,Gaming,Gaming,332029898.79452056,4565592.5,98.0,40741767.0,85.0,36019.397260273974,12115309.363636363,,,544727.0,544727.0,544727.0,0.0841073660850652,0.0188405306938515,,,
144,marinaruybarbosa,marinaruybarbosa,BR,https://www.instagram.com/marinaruybarbosa,,,907174427.3832335,586382.3333333334,2098.0,40573646.0,81.0,3469.904191616766,712501.3181818182,0.0,0.0,0.0,0.0,0.0,0.0108676806653326,8.651627972459853e-05,,,
145,addisonraee,addisonraee,,https://www.instagram.com/addisonraee,Gaming,Gaming,731206196.7218543,3150451.0,298.0,40402560.0,85.0,8362.427152317881,6400652.176470588,,1349907.0,1009004.0,1026147.1111111112,1214530.0,0.0608235746200226,0.0330116643224507,,,
146,theweeknd,theweeknd,,https://www.instagram.com/theweeknd,News & Politics,News & Politics,582481085.3076923,1141438.6666666667,630.0,40223677.0,83.0,7543.174358974359,2212274.6666666665,,,,,2532971.0,0.0234130289815374,0.039671213946651,,,
147,ranveersingh,ranveersingh,CH,https://www.instagram.com/ranveersingh,Movies,Movies,1299747241.0809247,1015087.5,1738.0,40112340.0,85.0,3003.6199421965316,1188881.3623188406,,,236391.75,237287.2,328866.9285714286,0.0188163114560481,0.0075759470580558,,,
148,andresiniesta8,andresiniesta8,ES,https://www.instagram.com/andresiniesta8,Fashion & Beauty,Fashion & Beauty,435955881.33676976,250762.07142857145,1977.0,39745058.0,85.0,715.553264604811,519624.8571428571,,68488.0,97259.25,217431.125,175277.8125,0.0055802417292508,0.0040979608073302,,,
149,princessyahrini,princessyahrini,ID,https://www.instagram.com/princessyahrini,,,500962281.971831,118171.125,4455.0,39581466.0,81.0,692.5880102040817,912626.4666666668,0.0,0.0,0.0,0.0,0.0,0.0028611348127767,1.751415982643136e-05,,,
150,liverpoolfc,liverpoolfc,GB,https://www.instagram.com/liverpoolfc,,,2871952205.5780487,346707.99613784906,9953.0,39515025.0,75.0,1254.344763271162,1128585.4583333333,78430.0,104614.4,142629.4090909091,146055.65384615384,146055.65384615384,0.0074181809696207,0.004200652923037,,,
151,teddysphotos,teddysphotos,US,https://www.instagram.com/teddysphotos,,,1368087378.1691022,738566.85,2301.0,39439449.0,80.0,4255.0751565762,1715096.5942028984,,93970.0,332434.0,286783.1666666667,251330.0,0.0156541791160127,0.0070354032103839,,,
152,georginagio,georginagio,,https://www.instagram.com/georginagio,Fashion & Beauty,Fashion & Beauty,1323180383.5027027,2237436.0,726.0,39025459.0,74.0,7401.983783783784,7940965.584905661,,4551706.0,4019816.0,4022033.5,3193934.230769231,0.0473565573230546,0.0875705825799869,,,
153,natashawilona12,natashawilona12,,https://www.instagram.com/natashawilona12,Fashion & Beauty,Fashion & Beauty,436264559.36927223,489665.375,1143.0,38846946.0,84.0,3433.455525606469,1621378.828125,102772.0,102772.0,274348.5,273239.0,218012.66666666663,0.0099239931006041,0.0087578811926599,,,
154,ruben_onsu,ruben_onsu,ID,https://www.instagram.com/ruben_onsu,,,1399531905.457671,139324.50785773367,13440.0,38776943.0,75.0,763.7349029867015,474431.1769911504,8251.0,34620.71428571428,44411.5,52250.42424242424,52223.565217391304,0.0027383114291809,0.0013029248315222,,,
155,mahi7781,mahi7781,,https://www.instagram.com/mahi7781,Gaming,Gaming,357039072.32,4054863.25,107.0,38747041.0,58.0,67652.64,16107512.2,0.0,0.0,0.0,0.0,0.0,0.0891126719339245,0.0017708230322919,,,
156,chrissyteigen,chrissyteigen,US,https://www.instagram.com/chrissyteigen,Entertainment,Entertainment,2402129939.8796487,631385.875,5078.0,38516696.0,79.0,3798.853279242732,4103189.972972973,,207509.16666666663,173582.55555555556,135266.38095238095,130093.67441860466,0.0125652850223841,0.005296936633152,,,
157,hm,hm,SE,https://www.instagram.com/hm,,,509792153.53813255,89143.59722222222,7234.0,38465468.0,83.0,280.13257305773345,553953.5636363636,7940.0,20035.5,32376.875,23677.70588235294,23883.025,0.0018397499407285,0.0006758832387562,,,
158,wizkhalifa,wizkhalifa,US,https://www.instagram.com/wizkhalifa,,,128037637.85365854,402888.9,424.0,38459483.0,80.0,2102.0629011553274,1495132.5409836066,,133757.0,133757.0,131096.14285714287,144087.7142857143,0.0080336001950389,0.0037800274925877,,,
159,j.m,j.m,,https://www.instagram.com/j.m,Gaming,Gaming,286856974.38095236,14124890.5,22.0,38138950.0,83.0,0.5238095238095238,,,,9539024.0,9539024.0,11269273.0,0.3456958842388448,0.2987771491484441,,,
160,anushkasen0408,anushkasen0408,,https://www.instagram.com/anushkasen0408,Travel & Events,Travel & Events,2870711992.3594985,695413.1192307692,5203.0,37993409.0,85.0,5034.1755689735255,571228.0,460494.0,536469.3333333334,616656.6666666666,568987.1538461539,615201.8292682926,0.0147057489660095,0.0175192706086068,,,
161,worldstar,worldstar,US,https://www.instagram.com/worldstar,Comedy,Comedy,11589242864.706415,157546.17819540395,99022.0,37818287.0,78.0,2493.1996207550424,1056851.689122807,35157.0,52582.8,74208.32051282052,72683.64864864865,71531.15126050421,0.0031664079556344,0.0019609370206476,,,
162,prattprattpratt,prattprattpratt,,https://www.instagram.com/prattprattpratt,Trailers,Trailers,496567005.0,813539.0,718.0,37405186.0,84.0,4914.890243902439,2052633.9122807016,,,,359794.0,445609.5,0.0188497568828913,0.0099787112109819,,,
163,marvelstudios,marvelstudios,,https://www.instagram.com/marvelstudios,Trailers,Trailers,1315744018.1497731,594215.25,2593.0,37389526.0,83.0,1983.7201210287444,963850.054347826,,359538.3333333333,1049491.375,928507.2,832929.25,0.0143865710507854,0.0157566340860411,,,
164,WesleySafadao,wesleysafadao,,https://www.instagram.com/wesleysafadao,,,1738634776.9264617,256129.7357142857,8842.0,37149804.0,80.0,7318.797611565054,992787.572815534,0.0,0.0,0.0,0.0,0.0,0.0055627528262731,0.0001996183992421,,,
165,parineetichopra,parineetichopra,,https://www.instagram.com/parineetichopra,Autos & Vehicles,Autos & Vehicles,506219083.8656388,505700.3333333334,1325.0,36973458.0,84.0,1639.3722466960353,852263.72,181106.0,158555.0,158555.0,235079.25,245650.16666666663,0.0104619399323363,0.006776970516173,,,
166,cznburak,cznburak,,https://www.instagram.com/cznburak,Trailers,Trailers,1267267484.755102,816501.0,1746.0,36935601.0,80.0,8524.293877551021,7053235.344827586,,479925.0,474966.0,471769.3333333333,605418.2,0.0232086579367152,0.0187011140580198,,,
167,laudyacynthiabella,laudyacynthiabella,ID,https://www.instagram.com/laudyacynthiabella,Movies,Movies,44800588.1738149,172773.75,379.0,36677982.0,76.0,544.6907449209932,436724.4705882353,49424.0,49424.0,49424.0,19080.0,45644.666666666664,0.0032899407758276,0.0012185594487517,,,
168,antogriezmann,antogriezmann,FR,https://www.instagram.com/antogriezmann,Sports,Sports,761349220.8709677,1132433.0,865.0,36381765.0,83.0,4322.974193548387,1699071.4736842106,,462168.0,241066.25,258233.85714285713,266970.2727272727,0.0246410525226776,0.0094182628333664,,,
169,gisel_la,gisel_la,,https://www.instagram.com/gisel_la,Sports,Sports,1107474383.0120482,152328.63333333333,9874.0,36318320.0,85.0,2451.686265060241,1081229.7558139537,,23381.0,36770.4,30533.090909090908,42558.391304347824,0.0031629555732285,0.0022000861348019,,,
170,eminem,eminem,US,https://www.instagram.com/eminem,Music,Music,586990961.4861112,1093015.5,649.0,36182573.0,84.0,9202.00925925926,3104548.172839506,,,1137281.0,918847.0,786575.0,0.025279022377949,0.0268908688929975,,,
171,rkive,rkive,,https://www.instagram.com/rkive,Gaming,Gaming,1032974928.8039216,10938709.25,103.0,36005772.0,83.0,0.1764705882352941,,0.0,0.0,0.0,0.0,0.0,0.2825142506817762,4.971187329649839e-09,,,
172,colesprouse,colesprouse,,https://www.instagram.com/colesprouse,,,2275210511.692308,2286897.5,1139.0,35979076.0,81.0,7860.226244343891,5765129.833333333,212535.5,258277.0,258277.0,371631.4,1387607.5714285714,0.0557396251432684,0.0312096589346598,,,
173,nattinatasha,nattinatasha,CZ,https://www.instagram.com/nattinatasha,Music,Music,10093152.561676646,517671.2916666667,26.0,35925441.0,47.0,2717.1952095808383,1867592.9933774832,,,,492944.0,492944.0,0.0108856502712779,0.0104419103726444,,,
174,mercedesbenz,mercedesbenz,VG,https://www.instagram.com/mercedesbenz,Autos & Vehicles,Autos & Vehicles,1583277041.4497042,197897.8542694497,9990.0,35833928.0,77.0,384.9082840236686,358159.51181102364,29792.8,38741.25,44650.15384615384,50835.53164556962,58994.36305732484,0.0044426268262148,0.0018171487571576,,,
175,tigerjackieshroff,tigerjackieshroff,IN,https://www.instagram.com/tigerjackieshroff,Sports,Sports,1753679130.6155462,1110818.8333333333,2071.0,35453527.0,83.0,6014.289915966387,2513956.4545454546,,,,,350053.0,0.024609820388767,0.0169856235981652,,,
176,barackobama,barackobama,US,https://www.instagram.com/barackobama,,,626015310.7476038,1130236.5,654.0,35433452.0,81.0,10506.670926517572,2135436.0303030303,,568619.0,332564.6666666667,412736.0,409610.3333333333,0.0273173012539033,0.0143753570652208,,,
177,shahidkapoor,shahidkapoor,,https://www.instagram.com/shahidkapoor,Trailers,Trailers,1203629228.3171806,1294704.75,1139.0,35378098.0,82.0,5295.665198237885,3364583.409090909,,552046.0,734052.0,795631.25,795631.25,0.0343318807183911,0.0253842225600625,,,
178,kimberly.loaiza,kimberly.loaiza,MX,https://www.instagram.com/kimberly.loaiza,Trailers,Trailers,1145993874.724719,2668449.0,586.0,35190427.0,78.0,30747.96629213483,6499614.011904762,,,462549.0,1414640.3333333333,1605446.0,0.0565778799962034,0.0478079684634776,,,
179,sachintendulkar,sachintendulkar,,https://www.instagram.com/sachintendulkar,,,601358330.8399999,800379.5,995.0,35033518.0,76.0,2110.816,1898931.0,,603372.0,531235.6666666666,531235.6666666666,635379.7142857143,0.0184666748329243,0.0202981365244361,,,
180,simoneses,simoneses,BR,https://www.instagram.com/simoneses,,,1594975621.12844,425578.3333333333,4394.0,34784799.0,72.0,4539.766055045871,2380157.4444444445,,,357320.5,305093.6,247953.0,0.0106013037618015,0.0065881265101163,,,
181,ivetesangalo,ivetesangalo,BR,https://www.instagram.com/ivetesangalo,Shows,Shows,1440246511.1825886,234006.2142857143,7555.0,34714162.0,84.0,3542.183500385505,1314483.7951807228,,69941.0,43746.5,54630.0,63001.0,0.0057203285737465,0.0021890525460217,,,
182,paollaoliveirareal,paollaoliveirareal,,https://www.instagram.com/paollaoliveirareal,Music,Music,1277858735.3266532,367804.97222222225,4544.0,34565086.0,84.0,3025.36539746159,1111841.534246575,51188.0,54111.166666666664,109581.0,136755.29411764705,126819.32142857143,0.0082541164832495,0.0056734668757112,,,
183,lunamaya,lunamaya,,https://www.instagram.com/lunamaya,Fashion & Beauty,Fashion & Beauty,442706842.6156218,145525.50595238095,4035.0,34486065.0,83.0,948.4511819116136,499199.453125,,62424.0,96535.33333333331,69638.6875,58397.58064516129,0.0032126124569443,0.0024909527637714,,,
184,dannapaola,dannapaola,MX,https://www.instagram.com/dannapaola,,,2006585803.645631,1458303.625,1934.0,34446899.0,68.0,3327.8276699029125,2127755.433333333,,,,837285.0,838019.75,0.0305530075060863,0.0289454440980041,,,
185,blakelively,blakelively,US,https://www.instagram.com/blakelively,,,242187868.3636363,3222808.5,112.0,34420991.0,80.0,9165.636363636364,7197748.0,,,,,3370864.0,0.0682388876283921,0.0746676282925667,,,
186,toni.kr8s,toni.kr8s,,https://www.instagram.com/toni.kr8s,Nonprofits & Activism,Nonprofits & Activism,418010768.2925373,597179.75,931.0,34281435.0,83.0,2314.913432835821,1206603.9523809524,,,1086602.0,671331.3333333334,481886.2,0.0141798451354828,0.016836516647871,,,
187,adidasoriginals,adidasoriginals,,https://www.instagram.com/adidasoriginals,,,30673902.15587045,151286.6,259.0,34246782.0,83.0,667.1032388663967,427704.7,176516.0,100398.0,87087.25,83506.0,79206.0,0.0034338340306642,0.0020140179342872,,,
188,disney,disney,US,https://www.instagram.com/disney,Movies,Movies,1195770920.0560071,185166.23412698417,7196.0,33912535.0,77.0,1053.8107497741644,667676.1785714285,,132230.5,140913.33333333334,126242.94871794872,130599.54430379746,0.005567755568881,0.0044303100721691,,,
189,shaymitchell,shaymitchell,US,https://www.instagram.com/shaymitchell,Science & Technology,Science & Technology,3597963223.20781,754879.925,6292.0,33777981.0,83.0,1958.3905160390516,2085853.5961538465,,615270.0,615270.0,615270.0,612827.0,0.0170734284188602,0.0131275839683203,,,
190,khabib_nurmagomedov,khabib_nurmagomedov,RU,https://www.instagram.com/khabib_nurmagomedov,Sports,Sports,2603949930.1518073,693615.5178571428,4509.0,33561258.0,63.0,5063.583132530121,2562603.4852941176,144171.0,144171.0,251138.33333333337,209536.83333333337,399579.3888888889,0.0173853337259555,0.0120533964293051,,,
191,bmw,bmw,DE,https://www.instagram.com/bmw,Autos & Vehicles,Autos & Vehicles,1738339147.1891525,232946.5344611529,9247.0,33536702.0,79.0,587.0275279367675,450255.3468208093,,67768.0,79598.5,76931.96428571429,84832.546875,0.0056270389491379,0.0029725203761395,,,
192,zidane,zidane,FR,https://www.instagram.com/zidane,Gaming,Gaming,302244322.6981132,1059596.0,366.0,33177179.0,41.0,6400.405660377359,1691814.888888889,,999103.0,999103.0,999103.0,911822.2857142856,0.0253472223299743,0.0251361379494257,,,
193,nancyajram,nancyajram,FR,https://www.instagram.com/nancyajram,Music,Music,1152414466.8027213,391202.1666666667,3810.0,33102343.0,81.0,3792.2086167800458,1283372.6764705882,,169947.0,169947.0,132337.66666666666,146928.11111111112,0.0092858188712669,0.0043412410576444,,,
194,sonamkapoor,sonamkapoor,IN,https://www.instagram.com/sonamkapoor,Entertainment,Entertainment,991545174.0929394,264547.2055555556,4799.0,33043019.0,75.0,868.8948126801153,757543.6603773584,,,,153794.33333333334,237832.42857142855,0.0062851616160342,0.0088427624551588,,,
195,luansantana,luansantana,BR,https://www.instagram.com/luansantana,,,112134316.2475756,205587.95833333337,714.0,33024460.0,79.0,4795.100969766116,528762.5225806452,,211062.33333333337,129386.125,193875.85714285713,182498.66666666663,0.0050504642131005,0.0050917149464801,,,
196,danbilzerian,danbilzerian,CA,https://www.instagram.com/danbilzerian,Pets & Animals,Pets & Animals,2355851098.4615383,2044189.0,1372.0,32938902.0,84.0,24680.813186813182,21036525.384615384,,1079742.0,1079742.0,1079742.0,1079742.0,0.0530364629733419,0.0336293331489344,,,
197,nickjonas,nickjonas,US,https://www.instagram.com/nickjonas,,,1364537398.0221932,744225.6666666666,2315.0,32906383.0,78.0,2191.0835509138383,1089024.303030303,,65526.0,65526.0,65526.0,339617.3333333333,0.0179900611955367,0.0107655272386417,,,
198,gururandhawa,gururandhawa,US,https://www.instagram.com/gururandhawa,Education,Education,1039639259.1027156,637758.25,2140.0,32845959.0,83.0,3837.25147579693,2267250.602040816,,218212.0,232432.66666666663,307367.14285714284,289892.625,0.0152565367905094,0.0083653312996734,,,
199,iambeckyg,iambeckyg,US,https://www.instagram.com/iambeckyg,,,1033749043.1782944,625421.4761904763,2270.0,32812027.0,71.0,1588.4186046511627,1020375.8085106384,,232931.0,300174.0,321817.6666666667,396257.9285714286,0.0140306125475646,0.0164217780819529,,,
200,,"
cristiano",Spain,,,,,,,,,,,,,,,,,0.013,1.0,92.0,6.3m
201,,kyliejenner,United States,,,,,,,,,,,,,,,,,0.014,2.0,91.0,5.0m
202,,"
leomessi",,,,,,,915.0,,,,,,,,,,,0.01,3.0,90.0,3.5m
203,,"
selenagomez",United States,,,,,,,,,,,,,,,,,0.005,4.0,93.0,1.7m
204,,"
therock",United States,,,,,,,,,,,,,,,,,0.003,5.0,91.0,932.0k
205,,"
arianagrande",United States,,,,,,,,,,,,,,,,,0.009,6.0,92.0,3.1m
206,,"
kimkardashian",United States,,,,,,,,,,,,,,,,,0.005,7.0,91.0,1.7m
207,,"
beyonce",United States,,,,,,,,,,,,,,,,,0.008,8.0,92.0,2.2m
208,,"
khloekardashian",United States,,,,,,,,,,,,,,,,,0.002,9.0,89.0,404.7k
209,,"
justinbieber",Canada,,,,,,,,,,,,,,,,,0.007,10.0,91.0,1.7m
210,,"
kendalljenner",United States,,,,,,671.0,,,,,,,,,,,0.012,11.0,90.0,3.0m
211,,"
natgeo",United States,,,,,,,,,,,,,,,,,0.001,12.0,91.0,168.7k
212,,"
nike",United States,,,,,,973.0,,,,,,,,,,,0.001,13.0,90.0,193.6k
213,,"
taylorswift",United States,,,,,,542.0,,,,,,,,,,,0.015,14.0,91.0,3.3m
214,,"
jlo",United States,,,,,,,,,,,,,,,,,0.005,15.0,89.0,1.2m
215,,"
virat.kohli",,,,,,,,,,,,,,,,,,0.013,16.0,87.0,2.7m
216,,"
nickiminaj",United States,,,,,,,,,,,,,,,,,0.004,17.0,90.0,837.1k
217,,"
kourtneykardash",United States,,,,,,,,,,,,,,,,,0.007,18.0,89.0,1.3m
218,,"
mileycyrus",,,,,,,,,,,,,,,,,,0.004,19.0,89.0,702.4k
219,,"
neymarjr",Brazil,,,,,,,,,,,,,,,,,0.012,20.0,90.0,2.2m
220,,"
katyperry",,,,,,,,,,,,,,,,,,0.002,21.0,92.0,302.9k
221,,"
kevinhartreal",United States,,,,,,,,,,,,,,,,,0.001,22.0,88.0,137.6k
222,,"
zendaya",United States,,,,,,,,,,,,,,,,,0.049,23.0,87.0,7.5m
223,,"
iamcardib",United States,,,,,,,,,,,,,,,,,0.015,24.0,75.0,2.0m
224,,"
ddlovato",United States,,,,,,105.0,,,,,,,,,,,0.002,25.0,88.0,305.1k
225,,"
badgalriri",United States,,,,,,,,,,,,,,,,,0.051,26.0,88.0,6.9m
226,,"
kingjames",,,,,,,,,,,,,,,,,,0.008,27.0,86.0,1.0m
227,,"
realmadrid",Spain,,,,,,,,,,,,,,,,,0.005,28.0,90.0,682.0k
228,,"
theellenshow",United States,,,,,,,,,,,,,,,,,0.001,29.0,87.0,59.2k
229,,"
champagnepapi",Netherlands,,,,,,,,,,,,,,,,,0.012,30.0,85.0,1.4m
230,,"
chrisbrownofficial",United States,,,,,,,,,,,,,,,,,0.002,31.0,86.0,237.9k
231,,"
fcbarcelona",,,,,,,,,,,,,,,,,,0.007,32.0,90.0,807.2k
232,,"
billieeilish",,,,,,,710.0,,,,,,,,,,,0.047,33.0,73.0,4.9m
233,,"
gal_gadot",United States,,,,,,,,,,,,,,,,,0.008,34.0,85.0,735.9k
234,,"
dualipa",United Kingdom,,,,,,,,,,,,,,,,,0.017,35.0,74.0,1.5m
235,,"
vindiesel",United States,,,,,,,,,,,,,,,,,0.006,36.0,88.0,505.8k
236,,"
nasa",United States,,,,,,,,,,,,,,,,,0.014,37.0,88.0,1.1m
237,,"
priyankachopra",United States,,,,,,,,,,,,,,,,,0.008,38.0,85.0,644.6k
238,,"
lalalalisa_m",,,,,,,893.0,,,,,,,,,,,0.088,39.0,70.0,7.2m
239,,"
snoopdogg",,,,,,,,,,,,,,,,,,0.004,40.0,86.0,278.0k
240,,"
Shakira",,,,,,,,,,,,,,,,,,0.004,41.0,88.0,281.8k
241,,"
gigihadid",United States,,,,,,,,,,,,,,,,,0.015,42.0,85.0,1.1m
242,,"
davidbeckham",United States,,,,,,,,,,,,,,,,,0.007,43.0,86.0,517.7k
243,,"
shraddhakapoor",,,,,,,,,,,,,,,,,,0.016,44.0,81.0,1.2m
244,,"
victoriassecret",United States,,,,,,,,,,,,,,,,,0.0,45.0,88.0,25.9k
245,,"
k.mbappe",,,,,,,,,,,,,,,,,,0.018,46.0,86.0,1.3m
246,,"
nehakakkar",India,,,,,,,,,,,,,,,,,0.008,47.0,84.0,585.9k
247,,"
aliaabhatt",India,,,,,,,,,,,,,,,,,0.017,48.0,82.0,1.2m
248,,"
nba",United States,,,,,,,,,,,,,,,,,0.003,49.0,87.0,216.2k
249,,"
jennierubyjane",,,,,,,887.0,,,,,,,,,,,0.078,50.0,76.0,5.4m
250,,"
shawnmendes",Canada,,,,,,,,,,,,,,,,,0.025,51.0,83.0,1.8m
251,,"
narendramodi",India,,,,,,549.0,,,,,,,,,,,0.037,52.0,85.0,2.6m
252,,"
deepikapadukone",India,,,,,,285.0,,,,,,,,,,,0.009,53.0,83.0,616.3k
253,,"
ronaldinho",Brazil,,,,,,,,,,,,,,,,,0.007,54.0,78.0,480.1k
254,,"
tomholland2013",,,,,,,,,,,,,,,,,,0.117,55.0,77.0,7.9m
255,,"
bts.bighitofficial",Uruguay,,,,,,,,,,,,,,,,,0.041,56.0,78.0,2.8m
256,,"
emmawatson",United States,,,,,,379.0,,,,,,,,,,,0.007,57.0,87.0,467.8k
257,,"
katrinakaif",India,,,,,,,,,,,,,,,,,0.024,58.0,85.0,1.6m
258,,"
marvel",Turkey,,,,,,,,,,,,,,,,,0.004,59.0,82.0,289.7k
259,,"
justintimberlake",United States,,,,,,785.0,,,,,,,,,,,0.013,60.0,87.0,842.9k
260,,"
camila_cabello",United States,,,,,,,,,,,,,,,,,0.014,61.0,77.0,926.8k
261,,"
sooyaaa__",,,,,,,876.0,,,,,,,,,,,0.076,62.0,82.0,4.9m
262,,"
raffinagita1717",Indonesia,,,,,,,,,,,,,,,,,0.004,63.0,83.0,262.8k
263,,"
jacquelinef143",India,,,,,,,,,,,,,,,,,0.007,64.0,85.0,413.8k
264,,"
roses_are_rosie",,,,,,,854.0,,,,,,,,,,,0.073,65.0,82.0,4.6m
265,,"
akshaykumar",,,,,,,,,,,,,,,,,,0.01,66.0,85.0,631.4k
266,,"
willsmith",United States,,,,,,,,,,,,,,,,,0.016,67.0,82.0,1.0m
267,,"
anitta",United States,,,,,,,,,,,,,,,,,0.01,68.0,82.0,595.7k
268,,"
maluma",Colombia,,,,,,,,,,,,,,,,,0.01,69.0,84.0,604.2k
269,,"
psg",France,,,,,,,,,,,,,,,,,0.006,70.0,86.0,347.8k
270,,"
manchesterunited",United Kingdom,,,,,,,,,,,,,,,,,0.008,71.0,85.0,467.5k
271,,"
anushkasharma",,,,,,,,,,,,,,,,,,0.027,72.0,85.0,1.7m
272,,"
marcelotwelve",Brazil,,,,,,,,,,,,,,,,,0.011,73.0,86.0,665.5k
273,,"
whinderssonnunes",Brazil,,,,,,,,,,,,,,,,,0.009,74.0,79.0,505.9k
274,,"
milliebobbybrown",United States,,,,,,290.0,,,,,,,,,,,0.082,75.0,80.0,4.8m
275,,"
karimbenzema",Spain,,,,,,,,,,,,,,,,,0.017,76.0,42.0,989.2k
276,,"
gag",United States,,,,,,,,,,,,,,,,,0.005,77.0,86.0,268.4k
277,,"
karolg",India,,,,,,,,,,,,,,,,,0.09,78.0,83.0,5.1m
278,,"
chrishemsworth",Australia,,,,,,899.0,,,,,,,,,,,0.023,79.0,86.0,1.3m
279,,"
iamzlatanibrahimovic",,,,,,,881.0,,,,,,,,,,,0.01,80.0,86.0,552.9k
280,,"
paulpogba",France,,,,,,,,,,,,,,,,,0.01,81.0,80.0,553.7k
281,,"
zacefron",United States,,,,,,669.0,,,,,,,,,,,0.031,82.0,86.0,1.7m
282,,"
juventus",,,,,,,,,,,,,,,,,,0.003,83.0,87.0,150.4k
283,,"
bellahadid",United Kingdom,,,,,,,,,,,,,,,,,0.02,84.0,79.0,1.1m
284,,"
leonardodicaprio",,,,,,,,,,,,,,,,,,0.005,85.0,86.0,283.7k
285,,"
beingsalmankhan",India,,,,,,,,,,,,,,,,,0.02,86.0,76.0,1.1m
286,,"
tatawerneck",Brazil,,,,,,,,,,,,,,,,,0.01,87.0,86.0,515.3k
287,,"
sunnyleone",,,,,,,,,,,,,,,,,,0.006,88.0,84.0,330.8k
288,,"
dishapatani",United States,,,,,,,,,,,,,,,,,0.015,89.0,74.0,783.6k
289,,"
sergioramos",,,,,,,,,,,,,,,,,,0.012,90.0,87.0,652.7k
290,,"
ladygaga",United States,,,,,,,,,,,,,,,,,0.011,91.0,83.0,586.8k
291,,"
robertdowneyjr",United States,,,,,,439.0,,,,,,,,,,,0.014,92.0,86.0,720.1k
292,,"
mosalah",,,,,,,849.0,,,,,,,,,,,0.013,93.0,22.0,686.1k
293,,"
jbalvin",,,,,,,,,,,,,,,,,,0.008,94.0,87.0,410.8k
294,,"
ayutingting92",Indonesia,,,,,,,,,,,,,,,,,0.001,95.0,85.0,47.7k
295,,433,Netherlands,,,,,,,,,,,,,,,,,0.016,96.0,79.0,826.2k
296,,"
thv",,,,,,,69.0,,,,,,,,,,,0.25,97.0,83.0,12.9m
297,,"
hudabeauty",United States,,,,,,,,,,,,,,,,,0.001,98.0,82.0,40.9k
298,,"
michelleobama",,,,,,,620.0,,,,,,,,,,,0.004,99.0,85.0,212.8k
299,,"
kritisanon",India,,,,,,,,,,,,,,,,,0.011,100.0,76.0,539.1k
300,,"
adele",United States,,,,,,423.0,,,,,,,,,,,0.031,101.0,84.0,1.6m
301,,"
krisjenner",United States,,,,,,,,,,,,,,,,,0.005,102.0,80.0,267.4k
302,,"
jamesrodriguez10",Colombia,,,,,,,,,,,,,,,,,0.011,103.0,86.0,545.6k
303,,"
blackpinkofficial",,,,,,,,,,,,,,,,,,0.027,104.0,85.0,1.4m
304,,"
lelepons",United States,,,,,,,,,,,,,,,,,0.031,105.0,81.0,1.5m
305,,"
prillylatuconsina96",Indonesia,,,,,,,,,,,,,,,,,0.003,106.0,84.0,159.3k
306,,"
charlidamelio",,,,,,,179.0,,,,,,,,,,,0.028,107.0,80.0,1.4m
307,,"
gucci",Italy,,,,,,,,,,,,,,,,,0.001,108.0,86.0,72.4k
308,,"
paulodybala",,,,,,,,,,,,,,,,,,0.021,109.0,85.0,1.0m
309,,"
louisvuitton",France,,,,,,,,,,,,,,,,,0.001,110.0,82.0,40.5k
310,,"
dovecameron",United States,,,,,,207.0,,,,,,,,,,,0.021,111.0,85.0,1.0m
311,,"
jokowi",,,,,,,,,,,,,,,,,,0.004,112.0,85.0,199.8k
312,,"
haileybieber",,,,,,,,,,,,,,,,,,0.036,113.0,85.0,1.7m
313,,"
nusr_et",United Arab Emirates,,,,,,,,,,,,,,,,,0.005,114.0,81.0,219.3k
314,,"
garethbale",,,,,,,989.0,,,,,,,,,,,0.007,115.0,86.0,328.8k
315,,"
harrystyles",United States,,,,,,618.0,,,,,,,,,,,0.064,116.0,57.0,2.9m
316,,"
vanessahudgens",United States,,,,,,,,,,,,,,,,,0.006,117.0,84.0,291.4k
317,,"
larissamanoela",Brazil,,,,,,,,,,,,,,,,,0.005,118.0,85.0,252.5k
318,,"
zayn",United States,,,,,,165.0,,,,,,,,,,,0.085,119.0,82.0,3.9m
319,,"
travisscott",United States,,,,,,,,,,,,,,,,,0.057,120.0,78.0,2.6m
320,,"
stephencurry30",,,,,,,,,,,,,,,,,,0.011,121.0,84.0,511.4k
321,,"
5-Minute Crafts GIRLY",United States,,,,,,,,,,,,,,,,,0.001,122.0,85.0,60.4k
322,,"
thenotoriousmma",United States,,,,,,,,,,,,,,,,,0.006,123.0,82.0,287.4k
323,,"
daddyyankee",Puerto Rico,,,,,,35.0,,,,,,,,,,,0.008,124.0,80.0,346.9k
324,,"
natgeotravel",United States,,,,,,,,,,,,,,,,,0.001,125.0,82.0,52.8k
325,,"
vancityreynolds",,,,,,,695.0,,,,,,,,,,,0.028,126.0,86.0,1.3m
326,,"
nikefootball",United States,,,,,,,,,,,,,,,,,0.003,127.0,85.0,137.4k
327,,"
maisa",Brazil,,,,,,,,,,,,,,,,,0.005,128.0,42.0,217.2k
328,,"
jannatzubair29",,,,,,,,,,,,,,,,,,0.016,129.0,84.0,693.7k
329,,"
luissuarez9",,,,,,,992.0,,,,,,,,,,,0.01,130.0,85.0,414.8k
330,,"
varundvn",India,,,,,,,,,,,,,,,,,0.013,131.0,84.0,586.2k
331,,"
j.m",,,,,,,28.0,,,,,,,,,,,0.228,132.0,83.0,10.0m
332,,"
hrithikroshan",Cte d'Ivoire,,,,,,617.0,,,,,,,,,,,0.018,133.0,85.0,780.5k
333,,"
gusttavolima",Brazil,,,,,,,,,,,,,,,,,0.007,134.0,76.0,303.9k
334,,"
theweeknd",,,,,,,735.0,,,,,,,,,,,0.04,135.0,83.0,1.6m
335,,"
nickyjampr",Colombia,,,,,,,,,,,,,,,,,0.003,136.0,81.0,129.1k
336,,"
buzzfeedtasty",Spain,,,,,,,,,,,,,,,,,0.001,137.0,85.0,23.6k
337,,"
brunamarquezine",United States,,,,,,,,,,,,,,,,,0.009,138.0,84.0,363.1k
338,,"
badbunnypr",,,,,,,20.0,,,,,,,,,,,0.131,139.0,83.0,5.5m
339,,"
kapilsharma",,,,,,,,,,,,,,,,,,0.015,140.0,83.0,625.4k
340,,"
caradelevingne",United States,,,,,,,,,,,,,,,,,0.008,141.0,86.0,362.2k
341,,"
norafatehi",Anguilla,,,,,,,,,,,,,,,,,0.018,142.0,83.0,727.5k
342,,"
britneyspears",Turkey,,,,,,,,,,,,,,,,,0.007,143.0,80.0,285.9k
343,,"
mariliamendoncacantora",Brazil,,,,,,,,,,,,,,,,,0.02,144.0,73.0,817.9k
344,,"
dior",,,,,,,,,,,,,,,,,,0.001,145.0,85.0,54.1k
345,,"
cznburak",,,,,,,,,,,,,,,,,,0.011,146.0,80.0,411.1k
346,,"
ranveersingh",Switzerland,,,,,,,,,,,,,,,,,0.016,147.0,85.0,641.0k
347,,"
marinaruybarbosa",Brazil,,,,,,,,,,,,,,,,,0.002,148.0,81.0,69.4k
348,,"
jenniferaniston",,,,,,,104.0,,,,,,,,,,,0.024,149.0,85.0,949.1k
349,,"
ruben_onsu",Indonesia,,,,,,,,,,,,,,,,,0.001,150.0,75.0,35.9k
350,,"
liverpoolfc",United Kingdom,,,,,,,,,,,,,,,,,0.005,151.0,75.0,204.4k
351,,"
teddysphotos",United States,,,,,,,,,,,,,,,,,0.005,152.0,80.0,185.5k
352,,"
princessyahrini",Indonesia,,,,,,,,,,,,,,,,,0.004,153.0,81.0,181.0k
353,,"
andresiniesta8",Spain,,,,,,,,,,,,,,,,,0.004,154.0,85.0,161.7k
354,,"
addisonraee",,,,,,,328.0,,,,,,,,,,,0.022,155.0,85.0,851.5k
355,,"
natashawilona12",,,,,,,,,,,,,,,,,,0.005,156.0,84.0,175.3k
356,,"
mahi7781",,,,,,,107.0,,,,,,,,,,,0.002,157.0,58.0,0
357,,"
chrissyteigen",United States,,,,,,,,,,,,,,,,,0.004,158.0,79.0,162.1k
358,,"
worldstar",United States,,,,,,,,,,,,,,,,,0.002,159.0,78.0,84.4k
359,,"
georginagio",,,,,,,751.0,,,,,,,,,,,0.086,160.0,74.0,3.3m
360,,"
wizkhalifa",United States,,,,,,514.0,,,,,,,,,,,0.003,161.0,80.0,115.7k
361,,"
prattprattpratt",,,,,,,742.0,,,,,,,,,,,0.01,162.0,84.0,363.8k
362,,anushkasen0408,,,,,,,,,,,,,,,,,,0.013,163.0,85.0,483.8k
363,,"
hm",Sweden,,,,,,,,,,,,,,,,,0.0,164.0,83.0,17.5k
364,,"
marvelstudios",,,,,,,,,,,,,,,,,,0.016,165.0,83.0,555.9k
365,,"
rkive",,,,,,,115.0,,,,,,,,,,,0.171,166.0,83.0,6.5m
366,,"
parineetichopra",,,,,,,,,,,,,,,,,,0.011,167.0,84.0,431.8k
367,,"
wesleysafadao",,,,,,,,,,,,,,,,,,0.002,168.0,80.0,77.8k
368,,"
laudyacynthiabella",Indonesia,,,,,,397.0,,,,,,,,,,,0.001,169.0,76.0,46.4k
369,,"
gisel_la",,,,,,,,,,,,,,,,,,0.001,170.0,85.0,33.4k
370,,"
antogriezmann",France,,,,,,890.0,,,,,,,,,,,0.005,171.0,83.0,193.6k
371,,"
eminem",United States,,,,,,691.0,,,,,,,,,,,0.011,172.0,84.0,382.5k
372,,"
mercedesbenz",British Virgin Islands,,,,,,,,,,,,,,,,,0.002,173.0,77.0,64.6k
373,,"
sachintendulkar",,,,,,,,,,,,,,,,,,0.02,174.0,76.0,664.5k
374,,"
nattinatasha",Czech Republic,,,,,,59.0,,,,,,,,,,,0.006,175.0,47.0,201.6k
375,,"
kimberly.loaiza",Mexico,,,,,,549.0,,,,,,,,,,,0.043,176.0,78.0,1.5m
376,,"
shahidkapoor",,,,,,,,,,,,,,,,,,0.025,177.0,82.0,780.0k
377,,"
tigerjackieshroff",India,,,,,,,,,,,,,,,,,0.01,178.0,83.0,345.3k
378,,"
blakelively",United States,,,,,,120.0,,,,,,,,,,,0.04,179.0,80.0,1.4m
379,,"
colesprouse",,,,,,,,,,,,,,,,,,0.023,180.0,81.0,834.5k
380,,"
simonemendes",Brazil,,,,,,,,,,,,,,,,,0.006,181.0,72.0,216.6k
381,,"
toni.krs",,,,,,,946.0,,,,,,,,,,,0.012,182.0,83.0,432.5k
382,,"
lunamaya",,,,,,,,,,,,,,,,,,0.002,183.0,83.0,58.6k
383,,"
barackobama",United States,,,,,,682.0,,,,,,,,,,,0.012,184.0,81.0,411.5k
384,,"
ivetesangalo",Brazil,,,,,,,,,,,,,,,,,0.004,185.0,84.0,121.1k
385,,"
paollaoliveirareal",,,,,,,,,,,,,,,,,,0.004,186.0,84.0,132.9k
386,,"
dannapaola",Mexico,,,,,,,,,,,,,,,,,0.035,187.0,68.0,1.2m
387,,"
disney",United States,,,,,,,,,,,,,,,,,0.004,188.0,77.0,132.0k
388,,"
shaymitchell",United States,,,,,,,,,,,,,,,,,0.006,189.0,83.0,198.7k
389,,"
adidasoriginals",,,,,,,180.0,,,,,,,,,,,0.002,190.0,83.0,66.8k
390,,"
zidane",France,,,,,,377.0,,,,,,,,,,,0.017,191.0,41.0,578.4k
391,,"
bmw",Germany,,,,,,,,,,,,,,,,,0.002,192.0,79.0,83.2k
392,,"
iambeckyg",United States,,,,,,,,,,,,,,,,,0.012,193.0,71.0,413.3k
393,,"
rashmika_mandanna",,,,,,,525.0,,,,,,,,,,,0.044,194.0,84.0,1.5m
394,,"
sonamkapoor",India,,,,,,,,,,,,,,,,,0.008,195.0,75.0,256.2k
395,,"
khabib_nurmagomedov",Russia,,,,,,,,,,,,,,,,,0.009,196.0,63.0,305.7k
396,,"
danbilzerian",Canada,,,,,,,,,,,,,,,,,0.064,197.0,84.0,2.1m
397,,"
raisa6690",Indonesia,,,,,,,,,,,,,,,,,0.003,198.0,80.0,103.2k
398,,"
luansantana",Brazil,,,,,,865.0,,,,,,,,,,,0.003,199.0,79.0,82.6k
399,,"
nancyajram",France,,,,,,,,,,,,,,,,,0.004,200.0,81.0,128.2k
